category,title,price,image
bar,Диспенсер для напитков Bar Butler (6 бутылок),3 090 сом,https://www.planeta.kg/local/templates/planet/components/bitrix/catalog/.default/bitrix/catalog.section/.default/images/no_photo.png
bar,Диспенсер для напитков Bar Butler (4 бутылки),2 290 сом,https://www.planeta.kg/local/templates/planet/components/bitrix/catalog/.default/bitrix/catalog.section/.default/images/no_photo.png
seriya_event,Зубная щетка электрическая PHILIPS HX 6232/20 ,5 990 сом,https://www.planeta.kg/local/templates/planet/components/bitrix/catalog/.default/bitrix/catalog.section/.default/images/no_photo.png
seriya_event,Зубная щетка электрическая PHILIPS HX 6322/04,5 490 сом,https://www.planeta.kg/local/templates/planet/components/bitrix/catalog/.default/bitrix/catalog.section/.default/images/no_photo.png
seriya_event,Зубная щетка электрическая PHILIPS HX 3292/44,3 490 сом,https://www.planeta.kg/local/templates/planet/components/bitrix/catalog/.default/bitrix/catalog.section/.default/images/no_photo.png
seriya_event,Зубная щетка электрическая PHILIPS HX 3292/28,3 390 сом,https://www.planeta.kg/local/templates/planet/components/bitrix/catalog/.default/bitrix/catalog.section/.default/images/no_photo.png
seriya_event,Насадки для зубной щетки PHILIPS HX 9022/10,1 490 сом,https://www.planeta.kg/local/templates/planet/components/bitrix/catalog/.default/bitrix/catalog.section/.default/images/no_photo.png
seriya_event,Насадки для зубной щетки PHILIPS HX 9002/10,1 690 сом,https://www.planeta.kg/local/templates/planet/components/bitrix/catalog/.default/bitrix/catalog.section/.default/images/no_photo.png
seriya_event,Насадки для зубной щетки PHILIPS HX 6052/07 (для чувствительных зубов),1 490 сом,https://www.planeta.kg/local/templates/planet/components/bitrix/catalog/.default/bitrix/catalog.section/.default/images/no_photo.png
seriya_event,Насадки для зубной щетки KIDS (3+) PHILIPS HX 6032/33,1 490 сом,https://www.planeta.kg/local/templates/planet/components/bitrix/catalog/.default/bitrix/catalog.section/.default/images/no_photo.png
seriya_event,Набор 2 в 1: электрическая зубная щетка + компактный ирригатор Philips Sonicare HX8424/39,18 990 сом,https://www.planeta.kg/local/templates/planet/components/bitrix/catalog/.default/bitrix/catalog.section/.default/images/no_photo.png
seriya_event,Набор 2 в 1: электрическая зубная щетка + компактный ирригатор Philips Sonicare HX8424/32,18 990 сом,https://www.planeta.kg/local/templates/planet/components/bitrix/catalog/.default/bitrix/catalog.section/.default/images/no_photo.png
interaktivnye_igrushki,Интерактивный игрушка Занимательная Анатомия Oregon Scientific SA218,8 290 сом,https://www.planeta.kg/upload/iblock/ed2/ed2646def6e1eeda04cbc668bcd0f102.jpeg
nasosy,Станция бытового водоснабжения GARDENA с эко-режимом 4000/5 eco Comfort,21 590 сом,https://www.planeta.kg/local/templates/planet/components/bitrix/catalog/.default/bitrix/catalog.section/.default/images/no_photo.png
nasosy,"Насос поверхностный Ставр НП-1100 (1100 Вт, макс производительность 53,3 л/мин, напор 42 м, максимальная глубина всасывания 8м)",7 190 сом,https://www.planeta.kg/upload/iblock/7ce/7ce45407c79e5bc9205fc9c5aadad262.jpeg
aksessuary_3,Пильный диск KOLNER KSD185*20*24 ( макс.число оборотов 7600об/мин  1шт),290 сом,https://www.planeta.kg/local/templates/planet/components/bitrix/catalog/.default/bitrix/catalog.section/.default/images/no_photo.png
aksessuary_3,Пильный диск KOLNER KSD160*20*24 ( макс.число оборотов 7600об/мин  1шт),250 сом,https://www.planeta.kg/local/templates/planet/components/bitrix/catalog/.default/bitrix/catalog.section/.default/images/no_photo.png
aksessuary_3,Супер-клей ГЕЛЬ SSGBL12-3 СИЛА 3 гр. (12/576/18432),50 сом,https://www.planeta.kg/local/templates/planet/components/bitrix/catalog/.default/bitrix/catalog.section/.default/images/no_photo.png
aksessuary_3,"Нож для электрорубанка KOLNER KPB 82 (82*5,5*1,2мм 2шт) ",130 сом,https://www.planeta.kg/local/templates/planet/components/bitrix/catalog/.default/bitrix/catalog.section/.default/images/no_photo.png
aksessuary_3,Супер-клей SSBL12-3 СИЛА СВЕРХПРОЧНЫЙ 3 гр. (12/576/18432),30 сом,https://www.planeta.kg/upload/iblock/0c5/0c560abe15b8e5016e412501e648eeea.jpeg
aksessuary_3,ПВХ-изолента ЭРА PRO профессиональная 19мм*20м 150мкм черная,90 сом,https://www.planeta.kg/local/templates/planet/components/bitrix/catalog/.default/bitrix/catalog.section/.default/images/no_photo.png
aksessuary_3,ПВХ-изолента ЭРА PRO профессиональная 19мм*20м 150мкм синяя,80 сом,https://www.planeta.kg/local/templates/planet/components/bitrix/catalog/.default/bitrix/catalog.section/.default/images/no_photo.png
aksessuary_3,ПВХ-изолента ЭРА 15мм*10м черная 43829/43812,30 сом,https://www.planeta.kg/local/templates/planet/components/bitrix/catalog/.default/bitrix/catalog.section/.default/images/no_photo.png
aksessuary_3,ПВХ-изолента ЭРА 15мм*10м синяя 43843/43846,30 сом,https://www.planeta.kg/local/templates/planet/components/bitrix/catalog/.default/bitrix/catalog.section/.default/images/no_photo.png
aksessuary_3,ПВХ-изолента ЭРА 15мм*10м желто-зеленая 43942/43935,35 сом,https://www.planeta.kg/local/templates/planet/components/bitrix/catalog/.default/bitrix/catalog.section/.default/images/no_photo.png
elektroinstrumenty,"Стабилизатор напряжения компактный ЭРА СНК-2000Ц 160-260В/220В, 2000ВА",4 190 сом,https://www.planeta.kg/local/templates/planet/components/bitrix/catalog/.default/bitrix/catalog.section/.default/images/no_photo.png
elektroinstrumenty,"Рубанок электрический Ставр РЭ-82/900 ( 900Вт, 16000 об/мин, макс,глубина строгания 3мм, макс. ширина строгания 82мм, выборка четверти 0-15мм)",4 990 сом,https://www.planeta.kg/upload/iblock/2a4/2a4a2ff511dd7fd8c7f2e1070d0dafb9.jpeg
elektroinstrumenty,"Рубанок электрический Ставр РЭ-110/1500 СТР (1500 Вт, 16000об/мин, ширина строгания 110мм, макс глубина строгания 3,5мм, выборка четверти 0-15мм)",7 990 сом,https://www.planeta.kg/upload/iblock/4d9/4d9568d926bd3e6080dba78602312432.jpeg
elektroinstrumenty,"Рубанок электрический KOLNER KEP 900М (900 Вт, 16000 об/мин, макс глубина строгания 3мм, ширина строгания 82мм, выборка четверти 0-15,5мм,)",4 090 сом,https://www.planeta.kg/upload/iblock/fa0/fa06b0d5a87574234b7536ea4163b670.jpeg
elektroinstrumenty,"Пила дисковая электрическая Ставр ПДЭ-190/1600 (1600 Вт, 5000об/мин, 190мм, посадка 20мм, посадка 20мм, максимальная глубина пропила 63мм)",6 990 сом,https://www.planeta.kg/upload/iblock/883/8831a3e8e8b5bae959e02e7dc4f7dd4a.jpeg
elektroinstrumenty,"Перфоратор Ставр ПЭВ-1300 (1300 Вт, 750об/мин, 3000уд/мин, 6Дж, 3 режима работы, SDS-plus, в кейсе ( 3 бура, 1 пика, 1 долото)",9 490 сом,https://www.planeta.kg/upload/iblock/e42/e42740da3411e37849f286c7e1b038c3.jpeg
elektroinstrumenty,"Машина шлифовальная угловая Ставр МШУ-180/1800 М (1800 Вт, 8300 об/мин, 180 мм, посадка 22,2м (М14), плавный пуск, дополнительная рукоятка)",8 490 сом,https://www.planeta.kg/upload/iblock/380/380b4cda5ccc4902f092d6fba8b3a9bf.jpeg
elektroinstrumenty,"Лобзик электрический Ставр ЛЭ-80/750 (750 Вт, 500-3000 ходов/мин, ход полотна 22мм, регулировка частоты хода, 4 супени маятникового хода)",4 090 сом,https://www.planeta.kg/upload/iblock/32e/32efb3db4f89882dabd43885e2dce487.jpeg
elektroinstrumenty,"Лобзик электрический Ставр ЛЭ-65/650 (650 Вт, Резка под углом, регулировка частоты хода, 4 супени маятникового хода)",3 390 сом,https://www.planeta.kg/upload/iblock/d68/d686bead13237e48990aff0ca75d49f6.jpeg
elektroinstrumenty,"Лобзик электрический Ставр ЛЭ-65/600 (600 Вт, 500-3000 ходов/мин, ход полотна 18мм, регулировка частоты хода, 4 супени маятникового хода)",3 190 сом,https://www.planeta.kg/upload/iblock/a80/a809ad21c405ada15999b3470a444804.jpeg
raznoe,"Зарядное устройство для аккумуляторов KOLNER KBCН 4 ( 220 +/-10 В, выходное напряжение постоянное 12В/2,8 А, максимальный зарядный ток 4A,)",1 090 сом,https://www.planeta.kg/upload/iblock/e4d/e4d421c4eba058261cb65fd13b3c5598.jpeg
raznoe,Набор ручного инструмента BORT BTK-94,5 690 сом,https://www.planeta.kg/upload/iblock/8bb/8bb58909f1bf4cc696803bb45e631d9f.png
raznoe,Набор ручного инструмента BORT BTK-89,4 490 сом,https://www.planeta.kg/upload/iblock/d44/d44eb7f46671187f1b4af51b01de7fda.png
raznoe,Набор ручного инструмента BORT BTK-65,5 190 сом,https://www.planeta.kg/upload/iblock/375/3755879660df000b402e5992f38775e7.png
raznoe,Набор ручного инструмента BORT BTK-46,1 890 сом,https://www.planeta.kg/upload/iblock/4b7/4b79fd68605757d3ffff38066d356ca7.png
raznoe,Набор ручного инструмента BORT BTK-100,3 390 сом,https://www.planeta.kg/upload/iblock/8f7/8f71626b80aafbdff2ce0a5771a10293.png
raznoe,Мойка высокого давления BORT KEX-3500,28 990 сом,https://www.planeta.kg/upload/iblock/6ed/6ed65215cd3384e056e15ec0981e8d20.png
raznoe,Мойка высокого давления BORT KEX-2500,20 490 сом,https://www.planeta.kg/upload/iblock/a02/a029d3e5a448112c65a0812f5e573d7b.png
raznoe,Мойка высокого давления BORT BHR-2500R-PRO,14 190 сом,https://www.planeta.kg/upload/iblock/690/690d2a1f79337cc3fd8fa530240fce2f.png
raznoe,Компрессор автомобильный BORT BLK-700X2,3 190 сом,https://www.planeta.kg/upload/iblock/cf1/cf17833b732b9200ce38153970967372.png
ekrany_dlya_proektorov,Экран настенный Mr.Pixel 59 X104 (1.50 X 2.64),11 990 сом,https://www.planeta.kg/local/templates/planet/components/bitrix/catalog/.default/bitrix/catalog.section/.default/images/no_photo.png
ekrany_dlya_proektorov,"Экран настенный Mr.Pixel 72"" X 96"" (1.83 X 2,44)",9 990 сом,https://www.planeta.kg/local/templates/planet/components/bitrix/catalog/.default/bitrix/catalog.section/.default/images/no_photo.png
ekrany_dlya_proektorov,"Экран на треноге Mr.Pixel 70"" X 70"" (1,78 X 1,78)",5 990 сом,https://www.planeta.kg/local/templates/planet/components/bitrix/catalog/.default/bitrix/catalog.section/.default/images/no_photo.png
ekrany_dlya_proektorov,"Экран настенный Mr.Pixel 96"" X 96"" (2,44 X 2,44)",11 990 сом,https://www.planeta.kg/local/templates/planet/components/bitrix/catalog/.default/bitrix/catalog.section/.default/images/no_photo.png
ekrany_dlya_proektorov,"Экран настенный Mr.Pixel 90"" X 120"" (2,29 X 3,05)",12 990 сом,https://www.planeta.kg/local/templates/planet/components/bitrix/catalog/.default/bitrix/catalog.section/.default/images/no_photo.png
ekrany_dlya_proektorov,"Экран настенный Mr.Pixel 70"" X 70"" (1,78 X 1,78)",5 990 сом,https://www.planeta.kg/local/templates/planet/components/bitrix/catalog/.default/bitrix/catalog.section/.default/images/no_photo.png
ekrany_dlya_proektorov,"Экран настенный Mr.Pixel 60"" X 80"" (1,53 X 2,03)",6 490 сом,https://www.planeta.kg/local/templates/planet/components/bitrix/catalog/.default/bitrix/catalog.section/.default/images/no_photo.png
ekrany_dlya_proektorov,"Экран на треноге Mr.Pixel 80"" X 80"" (2,03 X 2,03)",7 990 сом,https://www.planeta.kg/local/templates/planet/components/bitrix/catalog/.default/bitrix/catalog.section/.default/images/no_photo.png
ekrany_dlya_proektorov,"Экран на треноге Mr.Pixel 60"" X 60"" (1,53 X 1,53)",5 490 сом,https://www.planeta.kg/local/templates/planet/components/bitrix/catalog/.default/bitrix/catalog.section/.default/images/no_photo.png
ekrany_dlya_proektorov,"Экран моторизированный Mr.Pixel 96"" X 96"" (2,44 X 2,44)	",18 990 сом,https://www.planeta.kg/local/templates/planet/components/bitrix/catalog/.default/bitrix/catalog.section/.default/images/no_photo.png
noutbuki,"Ноутбук Haier U1500SM (Intel Celeron N4000 1100MHz/15.6""/1920x1080/4GB/128GB SSD/64GB eMMC/Intel UHD Graphics 600/Windows 10 Home)",32 990 сом,https://www.planeta.kg/local/templates/planet/components/bitrix/catalog/.default/bitrix/catalog.section/.default/images/no_photo.png
noutbuki,"Ноутбук Haier U1500SD (Intel Celeron N4000 1100MHz/15.6""/1920x1080/4GB/128GB SSD/64GB eMMC/Intel UHD Graphics 600/Без ОС)",26 990 сом,https://www.planeta.kg/local/templates/planet/components/bitrix/catalog/.default/bitrix/catalog.section/.default/images/no_photo.png
noutbuki,"Ноутбук Haier U1500HD (Intel Celeron N4000 1100MHz/15.6""/1920x1080/4GB/1000GB HDD/64GB eMMC/Intel UHD Graphics 600/DOS)",29 990 сом,https://www.planeta.kg/local/templates/planet/components/bitrix/catalog/.default/bitrix/catalog.section/.default/images/no_photo.png
noutbuki,"Ноутбук Haier A1400EM (Intel Celeron N3350 1100MHz/14.1""/1366x768/4GB/64GB eMMC/DVD нет/Intel HD Graphics 500/Wi-Fi/Bluetooth/Windows 10 Home)",24 990 сом,https://www.planeta.kg/local/templates/planet/components/bitrix/catalog/.default/bitrix/catalog.section/.default/images/no_photo.png
noutbuki,"Ноутбук Haier A1400ED (Intel Celeron N3350 1100MHz/14.1""/1366x768/4GB/64GB eMMC/DVD нет/Intel HD Graphics 500/Wi-Fi/Bluetooth/DOS)",22 490 сом,https://www.planeta.kg/local/templates/planet/components/bitrix/catalog/.default/bitrix/catalog.section/.default/images/no_photo.png
noutbuki,Ноутбук Haier i428 (13.3” 1920*1080IPS Pentium N4200 /RAM 8 Gb DDR4/Intel SSD 180Gb M.2/battery 5000ma/MS Win 10/metal/подсветка клавиатуры/тёмно-сер),38 990 сом,https://www.planeta.kg/upload/iblock/483/4837040db1d0426cfa29a1b309c361a6.jpeg
noutbuki,"Ноутбук Haier ES34   (13,3"" Full HD IPS Glass/ Core M3 7Y30 /4Gb/ SSD m.2 128Gb/ Full metal/ deep blue)",45 990 сом,https://www.planeta.kg/upload/iblock/2ee/2eef04ab840b28c9bd41c660af3bb8f3.jpeg
sumki_dlya_noutbukov,"Сумка для ноутбука 14"" Krusell Kalix (71155) (Black)",1 730 сом,https://www.planeta.kg/local/templates/planet/components/bitrix/catalog/.default/bitrix/catalog.section/.default/images/no_photo.png
sumki_dlya_noutbukov,"Сумка для ноутбука 14"" Krusell Gaia slim (71167) (Cream/Black)",2 550 сом,https://www.planeta.kg/local/templates/planet/components/bitrix/catalog/.default/bitrix/catalog.section/.default/images/no_photo.png
sumki_dlya_noutbukov,"Сумка для ноутбука 14"" Krusell Gaia slim (71165) (Red/Cream)",2 550 сом,https://www.planeta.kg/local/templates/planet/components/bitrix/catalog/.default/bitrix/catalog.section/.default/images/no_photo.png
sumki_dlya_noutbukov,"Сумка для нетбука 12"" Krusell Luna sleeve (71172) (Red/Cream)",1 490 сом,https://www.planeta.kg/local/templates/planet/components/bitrix/catalog/.default/bitrix/catalog.section/.default/images/no_photo.png
sumki_dlya_noutbukov,"Сумка для нетбука 12"" Krusell Luna sleeve (71171) (Black/Cream)",1 490 сом,https://www.planeta.kg/local/templates/planet/components/bitrix/catalog/.default/bitrix/catalog.section/.default/images/no_photo.png
sumki_dlya_noutbukov,"Сумка для нетбука 12"" Krusell Luna sleeve (71170) (Black/Cream)",1 490 сом,https://www.planeta.kg/local/templates/planet/components/bitrix/catalog/.default/bitrix/catalog.section/.default/images/no_photo.png
sumki_dlya_noutbukov,"Сумка для нетбука 10"" Krusell Luna sleeve (71160) (Brown)",1 490 сом,https://www.planeta.kg/local/templates/planet/components/bitrix/catalog/.default/bitrix/catalog.section/.default/images/no_photo.png
sumki_dlya_noutbukov,"Сумка для нетбука 10"" Krusell Luna sleeve (71157) (Black)",1 490 сом,https://www.planeta.kg/local/templates/planet/components/bitrix/catalog/.default/bitrix/catalog.section/.default/images/no_photo.png
sumki_dlya_noutbukov,"Сумка для ноутбука 16"" Krusell Coco slim laptop (71139) (Black/Grey)",2 840 сом,https://www.planeta.kg/local/templates/planet/components/bitrix/catalog/.default/bitrix/catalog.section/.default/images/no_photo.png
sumki_dlya_noutbukov,"Сумка для ноутбука 16"" Krusell Coco slim (71141) (Pink/Silvergrey)",2 910 сом,https://www.planeta.kg/local/templates/planet/components/bitrix/catalog/.default/bitrix/catalog.section/.default/images/no_photo.png
elektronnye_knigi,Электронная книга PocketBook PB740-2-J-CIS grey,26 990 сом,https://www.planeta.kg/local/templates/planet/components/bitrix/catalog/.default/bitrix/catalog.section/.default/images/no_photo.png
elektronnye_knigi,Электронная книга PocketBook PB628-R-CIS red,16 990 сом,https://www.planeta.kg/local/templates/planet/components/bitrix/catalog/.default/bitrix/catalog.section/.default/images/no_photo.png
elektronnye_knigi,Электронная книга PocketBook PB628-P-CIS black,16 990 сом,https://www.planeta.kg/local/templates/planet/components/bitrix/catalog/.default/bitrix/catalog.section/.default/images/no_photo.png
elektronnye_knigi,Электронная книга PocketBook PB627-G-GE-CIS золото,17 990 сом,https://www.planeta.kg/local/templates/planet/components/bitrix/catalog/.default/bitrix/catalog.section/.default/images/no_photo.png
elektronnye_knigi,Электронная книга PocketBook PB606-E-CIS черный,10 490 сом,https://www.planeta.kg/local/templates/planet/components/bitrix/catalog/.default/bitrix/catalog.section/.default/images/no_photo.png
elektronnye_knigi,Электронная книга PocketBook PB606-D-CIS белый,10 490 сом,https://www.planeta.kg/local/templates/planet/components/bitrix/catalog/.default/bitrix/catalog.section/.default/images/no_photo.png
elektronnye_knigi,Электронная книга PocketBook PB1040-J-CIS серый,42 990 сом,https://www.planeta.kg/local/templates/planet/components/bitrix/catalog/.default/bitrix/catalog.section/.default/images/no_photo.png
elektronnye_knigi,"Электронная книга Texet TB-137SE 4ГБ черный (6"".800x 600.Механические кнопки)",6 990 сом,https://www.planeta.kg/local/templates/planet/components/bitrix/catalog/.default/bitrix/catalog.section/.default/images/no_photo.png
elektronnye_knigi,Электронная книга PocketBook PB632-K-CIS brown,18 990 сом,https://www.planeta.kg/local/templates/planet/components/bitrix/catalog/.default/bitrix/catalog.section/.default/images/no_photo.png
elektronnye_knigi,Электронная книга PocketBook PB627-S-CIS silver,15 990 сом,https://www.planeta.kg/local/templates/planet/components/bitrix/catalog/.default/bitrix/catalog.section/.default/images/no_photo.png
vneshnie_zhestkie_diski,"Внешний жесткий диск 2.5"" 500GB ADATA NH13 SATA (Silver) USB 3.0",4 150 сом,https://www.planeta.kg/upload/iblock/eb8/eb83f2d59cb49ea893e99b975f98c981.jpeg
vneshnie_zhestkie_diski,"Внешний жесткий диск 2.5"" 500GB ADATA NH13 SATA (Black) USB 3.0",4 150 сом,https://www.planeta.kg/upload/iblock/831/8313bf478e55d5bc0b69daae9b339dbb.jpeg
vneshnie_zhestkie_diski,"Внешний жесткий диск 2.5"" 500GB ADATA HV620 SATA (Black) USB 3.0",4 050 сом,https://www.planeta.kg/upload/iblock/429/42994012ef280e89865c455a4b53fad4.jpeg
vneshnie_zhestkie_diski,"Внешний жесткий диск 2.5"" 500GB ADATA HD710 SATA (Yellow) USB 3.0",4 440 сом,https://www.planeta.kg/upload/iblock/c3f/c3ff9f2d3e542c4fa7002dccd9d45e19.jpeg
vneshnie_zhestkie_diski,"Внешний жесткий диск 2.5"" 500GB ADATA HD710 SATA (Blue) USB 3.0",4 440 сом,https://www.planeta.kg/upload/iblock/734/7343144c27cc01430086f77d51a5fb46.jpeg
vneshnie_zhestkie_diski,"Внешний жесткий диск 2.5"" 500GB ADATA HC500 SATA (Golden) USB 3.0",4 060 сом,https://www.planeta.kg/upload/iblock/2da/2da3161007b0e8e04c230b4e0d5bb437.jpeg
vneshnie_zhestkie_diski,"Внешний жесткий диск 2.5"" 500GB ADATA HD710 SATA (Black) USB 3.0",4 440 сом,https://www.planeta.kg/upload/iblock/a8e/a8eead34401ee5c706793c9489c2ebd8.jpeg
vneshnie_zhestkie_diski,"Внешний жесткий диск 2.5"" 500GB ADATA HD650 SATA (Red) USB 3.0",4 060 сом,https://www.planeta.kg/upload/iblock/b07/b071ba86de11c69e85120b24a9455198.jpeg
sborka,Сумка для переноса системного блока DFI PC Transpo,1 440 сом,https://www.planeta.kg/local/templates/planet/components/bitrix/catalog/.default/bitrix/catalog.section/.default/images/no_photo.png
sborka,"Процессор LGA1156 Intel Pentium G6950 Tray (2.8GHz, 3MB Cache L3, EMT64, Clarkdale)",6 220 сом,https://www.planeta.kg/local/templates/planet/components/bitrix/catalog/.default/bitrix/catalog.section/.default/images/no_photo.png
sborka,"Материнская плата LGA1150 Gigabyte GA-Z87X-SLI (1.1) (iZ87Ex, 1xPCI-Ex 16x, 4xDDR III-3000 (32Gb max), 6xSATA 3, RAID, USB 3.0, GLAN, DVI, HDMI, 7.1 c",7 000 сом,https://www.planeta.kg/local/templates/planet/components/bitrix/catalog/.default/bitrix/catalog.section/.default/images/no_photo.png
sborka,"Корпус ATX Samurai PA812 (2xUSB+Audio, SECC 0.6mm, Air Duct, LCD, Handle, Red\Black Front Panel)",1 220 сом 2 440 сом,https://www.planeta.kg/local/templates/planet/components/bitrix/catalog/.default/bitrix/catalog.section/.default/images/no_photo.png
sborka,"Внешний корпус для жесткого диска 1.8"" TwinMOS",670 сом,https://www.planeta.kg/local/templates/planet/components/bitrix/catalog/.default/bitrix/catalog.section/.default/images/no_photo.png
sborka,Блок питания ATX DELUX DLP-45D 450W (20+4pin),3 520 сом,https://www.planeta.kg/local/templates/planet/components/bitrix/catalog/.default/bitrix/catalog.section/.default/images/no_photo.png
sborka,Cooler LGA775 Gamma archer,0 сом,https://www.planeta.kg/local/templates/planet/components/bitrix/catalog/.default/bitrix/catalog.section/.default/images/no_photo.png
sborka,ATX DELUX DLC-MF459,1 430 сом,https://www.planeta.kg/upload/iblock/914/9148423af18425b7f58f731adc765b73.png
programmnoe_obespechenie,"Антивирус Kaspersky Internet Security 2015 на 1 год, на 2 ПК",3 840 сом,https://www.planeta.kg/local/templates/planet/components/bitrix/catalog/.default/bitrix/catalog.section/.default/images/no_photo.png
multimedia,"Digital Media Adapter Prestigio DMA-301 (DivX, DVD, VCD, MP3, CD, WMA,  PAL/NTSC/AUTO, ПДУ,LAN,Wi-Fi)",3 450 сом,https://www.planeta.kg/local/templates/planet/components/bitrix/catalog/.default/bitrix/catalog.section/.default/images/no_photo.png
chekhly_i_aksessuary,"Монопод HARPER RSB-202 Black (Управление через bluetooth, кнопка дистанционного использования)",445 сом 890 сом,https://www.planeta.kg/local/templates/planet/components/bitrix/catalog/.default/bitrix/catalog.section/.default/images/no_photo.png
chekhly_i_aksessuary,Чехол для Zenfone 5 ViewFlip Case White (BSL1X0),1 730 сом,https://www.planeta.kg/local/templates/planet/components/bitrix/catalog/.default/bitrix/catalog.section/.default/images/no_photo.png
chekhly_i_aksessuary,Чехол для электронной книги PocketBook PBPUC-624/626-ORBC-RD оранжевый,930 сом,https://www.planeta.kg/local/templates/planet/components/bitrix/catalog/.default/bitrix/catalog.section/.default/images/no_photo.png
chekhly_i_aksessuary,Чехол для Zopo ZP720 книжка (черный),410 сом,https://www.planeta.kg/local/templates/planet/components/bitrix/catalog/.default/bitrix/catalog.section/.default/images/no_photo.png
chekhly_i_aksessuary,Монопод HARPER SO-201 Blue,290 сом 580 сом,https://www.planeta.kg/local/templates/planet/components/bitrix/catalog/.default/bitrix/catalog.section/.default/images/no_photo.png
chekhly_i_aksessuary,Монопод HARPER RSB-105 Green (Управление через bluetooth),495 сом 990 сом,https://www.planeta.kg/local/templates/planet/components/bitrix/catalog/.default/bitrix/catalog.section/.default/images/no_photo.png
chekhly_i_aksessuary,Монопод HARPER RSB-105 Black (Управление через bluetooth),495 сом 990 сом,https://www.planeta.kg/local/templates/planet/components/bitrix/catalog/.default/bitrix/catalog.section/.default/images/no_photo.png
chekhly_i_aksessuary,Клавиатурный модуль для планшета ASUS Transformer TF103 ,5 150 сом,https://www.planeta.kg/upload/iblock/d6e/d6e5d69ab167c09bcc223727228f4105.jpeg
chekhly_i_aksessuary,Чехол силиконовый для Xiaomi Redmi3 Pro/Redmi3S Прозрачный (NYE5386GL),450 сом,https://www.planeta.kg/local/templates/planet/components/bitrix/catalog/.default/bitrix/catalog.section/.default/images/no_photo.png
chekhly_i_aksessuary,Чехол книжка для Xiaomi Redmi3 Pro/Redmi3S White (NYE5379GL),650 сом,https://www.planeta.kg/local/templates/planet/components/bitrix/catalog/.default/bitrix/catalog.section/.default/images/no_photo.png
planshety,"Планшет Asus MemoPad FHD10 LTE Blue (1B010A) (10"" IPS (1920x1200), S4 Pro 8064 Quad-Core (1.5Ghz), 2GB, 16GB Storage, Wi-Fi, Front Camera 1.2MP, Rear ",16 405 сом 32 810 сом,https://www.planeta.kg/upload/iblock/7a1/7a1cbfd1f330aad67d9c4cbf540b9d8f.jpeg
planshety,"Планшет Sony SGP512RU/W (10"" IPS (1920x1200), Qualcomm 801 Quad-Core (2.3Ghz), 3GB, 32GB Storage, Wi-Fi, Front Camera 2.2MP, Rear Camera 8.1MP)",20 415 сом 40 830 сом,https://www.planeta.kg/local/templates/planet/components/bitrix/catalog/.default/bitrix/catalog.section/.default/images/no_photo.png
planshety,"Планшет Sony SGP511RU/B (10"" IPS (1920x1200), Qualcomm 801 Quad-Core (2.3Ghz), 3GB, 16GB Storage, Wi-Fi, Front Camera 2.2MP, Rear Camera 8.1MP)",19 680 сом 39 360 сом,https://www.planeta.kg/local/templates/planet/components/bitrix/catalog/.default/bitrix/catalog.section/.default/images/no_photo.png
planshety,"Планшет Asus Nexus 7C 32GB LTE (1A015A) (7"" IPS (1920x1200), S4 Pro 8064 Quad-Core (1.5Ghz), 2GB, 32GB Storage, BT, Wi-Fi, Front Camera 1.2MP, Rear Ca",15 135 сом 30 270 сом,https://www.planeta.kg/upload/iblock/f40/f404d95bed50d43c77707fbe238f3d00.jpeg
planshety,"Планшет Asus MemoPad FHD10 LTE White (1A008A) (10"" IPS (1920x1200), S4 Pro 8064 Quad-Core (1.5Ghz), 2GB, 16GB Storage, Wi-Fi, Front Camera 1.2MP, Rear",16 405 сом 32 810 сом,https://www.planeta.kg/upload/iblock/b3a/b3ab96b54eab4b2c82b97e2bc36576dd.jpeg
smartfony,"Смартфон iLife Spark 3 (SM353W) (3.5"" (480x320), Dual Core (1.0Ghz), 256MB, 512MB, DualSim, BT, Wi-Fi, Front 0.3Mp, Rear 2.0Mp, Android 4.2)",4 410 сом,https://www.planeta.kg/local/templates/planet/components/bitrix/catalog/.default/bitrix/catalog.section/.default/images/no_photo.png
smartfony,"Смартфон Philips S616 Dark Grey (5.5"" IPS (1920x1080), Octa-Core (1.3Ghz), 2GB, 16GB, Wi-Fi, Dual microSIM, LTE, Front 5Mp, Rear 13Mp, Android 5.1)",7 305 сом 14 610 сом,https://www.planeta.kg/upload/iblock/c1c/c1c45b6cd6c477a1fc9db50cdeaac433.jpeg
smartfony,"Смартфон Zopo ZP530 White/Gold (5.0"" IPS (1280x720), Quad-Core (1.5Ghz), 1GB, 8GB, Wi-Fi, BT, LTE, Front 5Mp, Rear 8Mp, Android 4.4.4)",5 230 сом 10 460 сом,https://www.planeta.kg/local/templates/planet/components/bitrix/catalog/.default/bitrix/catalog.section/.default/images/no_photo.png
smartfony,"Смартфон Philips S307 Black (4.0"" IPS (800x480), Quad-Core (1.3Ghz), 512MB, 4GB, Wi-Fi, Dual SIM, BT, Front 0.3Mp, Rear 2Mp, Android 4.4)",2 195 сом 4 390 сом,https://www.planeta.kg/upload/iblock/c71/c7131c5eb2d228fb6ce8164fa9d18b0d.jpeg
smartfony,"Смартфон Zopo ZP999 White (5.5"" LTPS (1920x1080), Octa-Core (2.0Ghz), 3GB, 32GB, Wi-Fi, BT, LTE, Front 5Mp, Rear 14Mp, Android 4.4.2)",10 690 сом 21 380 сом,https://www.planeta.kg/local/templates/planet/components/bitrix/catalog/.default/bitrix/catalog.section/.default/images/no_photo.png
smartfony,"Смартфон Zopo ZP999 Black (5.5"" LTPS (1920x1080), Octa-Core (2.0Ghz), 3GB, 32GB, Wi-Fi, BT, LTE, Front 5Mp, Rear 14Mp, Android 4.4.2)",10 690 сом 21 380 сом,https://www.planeta.kg/local/templates/planet/components/bitrix/catalog/.default/bitrix/catalog.section/.default/images/no_photo.png
smartfony,"Смартфон Zopo ZP350 Red (5.0"" IPS (1280x720), Quad-Core (1.3Ghz), 1GB, 8GB, Wi-Fi, BT, LTE, Front 2Mp, Rear 8Mp, Android 5.1)",3 920 сом 7 840 сом,https://www.planeta.kg/local/templates/planet/components/bitrix/catalog/.default/bitrix/catalog.section/.default/images/no_photo.png
smartfony,"Смартфон Sony Xperia XZ2compact Silver  H8324RU/S (5.0""  4K HDR. 4GB, 64GB, Wi-Fi, Dual Nano SIM, BT, Front 19Mp, Rear 5Mp, Google Android™ O)",29 000 сом 45 990 сом,https://www.planeta.kg/upload/iblock/eb1/eb12d647adf29114233a0fb1d6fe08dc.png
smartfony,"Смартфон Philips Xenium V526 Blue (5.0"" IPS (1280x720), Quad-Core (1.3Ghz), 1GB, 8GB, Wi-Fi, Dual SIM, LTE, BT, Front 2Mp, Rear 13Mp, Android 5.1)",7 045 сом 14 090 сом,https://www.planeta.kg/upload/iblock/7bf/7bfd7927d05a2b35f5e9900075c18b3e.jpeg
smartfony,"Смартфон Philips Xenium V377 Black (5.0"" IPS (1280x720), Quad-Core (1.3Ghz), 1GB, 8GB, Wi-Fi, Dual microSIM, BT, Front 2Mp, Rear 5Mp, Android 5.1)",4 445 сом 8 890 сом,https://www.planeta.kg/upload/iblock/650/6508c0f7724b39173643de3e66793c0c.jpeg
aksessuary_dlya_noutbukov,Батарея для ноутбука TOSHIBA 6-cell (V000061130),14 550 сом,https://www.planeta.kg/local/templates/planet/components/bitrix/catalog/.default/bitrix/catalog.section/.default/images/no_photo.png
setevoe_oborudovanie,"Роутер TP-Link TL-WR841N Wi-Fi 300 Мб, 4 LAN 100 Мб,2T2R, 2.4GHz, 802.11n/g/b ",1 330 сом,https://www.planeta.kg/local/templates/planet/components/bitrix/catalog/.default/bitrix/catalog.section/.default/images/no_photo.png
setevoe_oborudovanie,Модем PCI Intex 56k Conexant,480 сом,https://www.planeta.kg/local/templates/planet/components/bitrix/catalog/.default/bitrix/catalog.section/.default/images/no_photo.png
printery,Принтер ленточный Epson LW400,5 990 сом,https://www.planeta.kg/local/templates/planet/components/bitrix/catalog/.default/bitrix/catalog.section/.default/images/no_photo.png
printery,"Принтер Epson SureColor SC-T7200 (A0+ (44""), 2880x1440dpi, 5-цветный, 1000Mb, LAN, USB, 92 kg)",334 990 сом,https://www.planeta.kg/upload/iblock/77f/77fc56c2e65fa53caf92bcc82b16d8a7.jpeg
printery,"Принтер Epson SureColor SC-T5200 (A0 (36""), 2880x1440dpi, 5-цветный, 1000Mb, LAN, USB, 84kg)",277 990 сом,https://www.planeta.kg/upload/iblock/1e0/1e022d839ffa0ead2a22bb907ef76f08.jpeg
printery,"Принтер Epson SureColor SC-T3200 (A1+ (24""), 2880x1440dpi, 5-цветный, 1000Mb, LAN, USB, 67 kg)",229 990 сом,https://www.planeta.kg/upload/iblock/8ce/8ceb7b6347e6197e02aeab48e9ce49bf.jpeg
printery,"Принтер Epson L1800 (A3+, 15ppm A4, 191 sec A3, 5760x1440 dpi, 64-300g/m2, USB)",70 990 сом,https://www.planeta.kg/upload/iblock/87e/87e12be88e967b866c7bad0e6645cf9a.jpeg
printery,"Принтер Canon PIXMA G1416 (A4, 4800x1200 dpi, ч/б- 8.8 стр/мин. цветная печать USB type B, СНПЧ)",10 990 сом,https://www.planeta.kg/local/templates/planet/components/bitrix/catalog/.default/bitrix/catalog.section/.default/images/no_photo.png
printery,"Принтер Epson SureColor SC-T3200 (A1+ (24""), 2880x1440dpi, 5-цветный, 1000Mb, LAN, USB, 67 kg) (без подставки)",209 990 сом,https://www.planeta.kg/local/templates/planet/components/bitrix/catalog/.default/bitrix/catalog.section/.default/images/no_photo.png
printery,"Принтер Epson TM-T88V C31CA85012 (термопринтер, 300mm/sec, автообрезка, ширина рулона бумаги - 58/80мм, диаметр рулона - 83мм, скорость печати чеков -",33 990 сом,https://www.planeta.kg/upload/iblock/fe8/fe8cb6814fd0bd19d975813c618fbebc.jpeg
printery,"Принтер монохромный HP LaserJet Pro M15w ( A4, 600x600 dpi, 18 ppm, 16Mb, USB2.0, WiFi )",10 490 сом,https://www.planeta.kg/local/templates/planet/components/bitrix/catalog/.default/bitrix/catalog.section/.default/images/no_photo.png
printery,"Принтер монохромный HP LaserJet Pro M15a  (A4, 600x600 dpi, 18 ppm, 8Mb, USB 2.0)",8 490 сом,https://www.planeta.kg/local/templates/planet/components/bitrix/catalog/.default/bitrix/catalog.section/.default/images/no_photo.png
mfu_printer_skaner_kopir,"МФУ Epson L3160 (Printer-copier-scaner, A4, 33/15ppm (Black/Color), 69sec/photo, 64-256g/m2, 5760x1440dpi, 1200×2400 scaner, LCD 3.7cm, USB, Wi-Fi) Ре",21 990 сом,https://www.planeta.kg/local/templates/planet/components/bitrix/catalog/.default/bitrix/catalog.section/.default/images/no_photo.png
mfu_printer_skaner_kopir,"МФУ Canon PIXMA MG3640S Black (Printer-copier-scaner, A4, 9.9/5.7 ppm (Black/Color), 4800x1200dpi, 1200x2400 scaner, 64-300g/m2, Wi-Fi)",5 990 сом,https://www.planeta.kg/upload/iblock/5b0/5b0476ec16a8e846d65bde9ee34490c3.png
mfu_printer_skaner_kopir,"МФУ Canon PIXMA G3411 (Printer-copier-scaner, A4, 8.8/5 ppm (Black/Color), 4800x1200dpi, 600x1200 scaner, 64-275g/m2, Wi-Fi, LCD)",16 990 сом,https://www.planeta.kg/upload/iblock/67b/67bd12a074848543ec6709643289e082.png
mfu_printer_skaner_kopir,"МФУ Canon PIXMA G2411 (Printer-copier-scaner, A4, 8.8/5 ppm (Black/Color), 4800x1200dpi, 600x1200 scaner, 64-275g/m2,  LCD)",13 990 сом,https://www.planeta.kg/local/templates/planet/components/bitrix/catalog/.default/bitrix/catalog.section/.default/images/no_photo.png
mfu_printer_skaner_kopir,"МФУ Canon PIXMA TS3340 (Printer-copier-scaner, A4, 7.7/4 ppm (Black/Color), 4800x1200dpi, 600x1200 scaner, 64-275g/m2, Wi-Fi)",4 990 сом,https://www.planeta.kg/upload/iblock/df5/df5b9395c4ded433432a516dd8e45b0e.png
mfu_printer_skaner_kopir,"МФУ Canon PIXMA MG2540S  (Printer-copier-scaner, A4, 8/4 ppm (Black/Color), 4800x600dpi, 600x1200 scaner, 64-275g/m2,)",3 490 сом,https://www.planeta.kg/upload/iblock/826/8262b51100897105ae4d5be950ae8db1.jpeg
mfu_printer_skaner_kopir,МФУ HP LaserJet Pro MFP M130nw,18 990 сом,https://www.planeta.kg/local/templates/planet/components/bitrix/catalog/.default/bitrix/catalog.section/.default/images/no_photo.png
mfu_printer_skaner_kopir,"МФУ Canon PIXMA G4411 (Printer-copier-scaner,Fax A4, 8.8/5 ppm (Black/Color), 4800x1200dpi, 600x1200 scaner, 64-275g/m2, Wi-Fi,LCD)",26 990 сом,https://www.planeta.kg/upload/iblock/10e/10ef30672ba8a3f8fd76cfb8eaab2652.png
mfu_printer_skaner_kopir,"МФУ Epson L7180 (Printer-copier-scaner, A3+, 28/10ppm (Black/Color), 64-300g/m2, 5760x1440dpi, 1200x2400 scaner, USB,Wi-Fi,LCD)",59 990 сом,https://www.planeta.kg/upload/iblock/1d5/1d5c2b6110ca157f0bf566937ac4ee72.jpeg
mfu_printer_skaner_kopir,"МФУ Epson L3151 (Printer-copier-scaner, A4, 33/15ppm (Black/Color), 64-256g/m2, 5760x1440dpi, 1200×2400 scaner, USB, Wi-Fi)",17 990 сом,https://www.planeta.kg/upload/iblock/40f/40fffec056c8c291ecee39af577c1a9c.jpeg
mfu_printer_skaner_kopir_faks,"МФУ Epson L14150 (Printer-copier-scaner-fax, A3+, 17/9ppm (Black/Color), 4800x2400 dpi, 64-256g/m2, 1200x2400 scaner/copier,LCD 6.1 cm Wi-Fi",61 990 сом,https://www.planeta.kg/upload/iblock/881/8815c0a332a9767107de58f7acbe63ec.jpeg
skanery,"Сканер Epson WorkForce DS-1630 В11В239401 А4, 1200x1200dpi,USB",29 990 сом,https://www.planeta.kg/local/templates/planet/components/bitrix/catalog/.default/bitrix/catalog.section/.default/images/no_photo.png
skanery,"Сканер Epson WorkForce DS-530 (A4, протяжный, 600x600dpi, 48/24bit, 35 ppm, ADF, USB)",63 990 сом,https://www.planeta.kg/upload/iblock/ed5/ed5f113c959e1114b4cce44e55abacfa.jpeg
skanery,"Сканер Epson Perfection V370 Photo (A4, 4800x9600, 48bit, 3.2D, Slide Adapter, USB)",12 990 сом,https://www.planeta.kg/upload/iblock/722/72238c846a40deffe440c9b570d3f215.jpeg
skanery,"Сканер Epson Perfection V19 (A4, 4800x4800, 48bit, 3.2D, USB)",7 990 сом,https://www.planeta.kg/upload/iblock/224/224b0976fb2f2ba899f04d42657468b7.jpeg
utsenyennyy_tovar,"Ноутбук Sony VAIO  VPC-YB2L1R/S.RU3 (11.6""HD, AMD Fusion E-350 (1.6GHz), 2GB DDR3, 320GB, ATI HD 6310, Wi-Fi, BT, HDMI, CardReader, WebCam, 7HP, 1.45k",15 620 сом,https://www.planeta.kg/local/templates/planet/components/bitrix/catalog/.default/bitrix/catalog.section/.default/images/no_photo.png
utsenyennyy_tovar,"MB LGA1366 Gigabyte GA-X58A-UD3R (2.0) (iX58Ex,QPI 6.4GT/s,PCI-E,DDR III-2200,GLAN,SATAII,8ch,ATX) после ремонта",4 760 сом,https://www.planeta.kg/local/templates/planet/components/bitrix/catalog/.default/bitrix/catalog.section/.default/images/no_photo.png
utsenyennyy_tovar,HUB Switch Intex 24-port после ремонта,2 120 сом,https://www.planeta.kg/local/templates/planet/components/bitrix/catalog/.default/bitrix/catalog.section/.default/images/no_photo.png
akkumulyatory_i_batarei,"Фонарь ЭРА KA40SU, Аккумуляторный 4V4Ah, 40xSMD, ЗУ 220V.",1 490 сом,https://www.planeta.kg/local/templates/planet/components/bitrix/catalog/.default/bitrix/catalog.section/.default/images/no_photo.png
akkumulyatory_i_batarei,"Фонарь ЭРА K48, Кемпинг 48xLED, 3xAA, карабин.",590 сом,https://www.planeta.kg/local/templates/planet/components/bitrix/catalog/.default/bitrix/catalog.section/.default/images/no_photo.png
akkumulyatory_i_batarei,"Фонарь налобный ЭРА GB-701, 5Вт COB, 3xAAA, сенсор, 3 режима.",750 сом,https://www.planeta.kg/local/templates/planet/components/bitrix/catalog/.default/bitrix/catalog.section/.default/images/no_photo.png
akkumulyatory_i_batarei,Батарейки Kodak CR2032-2BL ,120 сом,https://www.planeta.kg/local/templates/planet/components/bitrix/catalog/.default/bitrix/catalog.section/.default/images/no_photo.png
akkumulyatory_i_batarei,Эл.пит. GP 23AE-BC5  блистер 5 шт,280 сом,https://www.planeta.kg/local/templates/planet/components/bitrix/catalog/.default/bitrix/catalog.section/.default/images/no_photo.png
akkumulyatory_i_batarei,Батарейки Varta Mignon Max-Tech LR6/AA,110 сом,https://www.planeta.kg/local/templates/planet/components/bitrix/catalog/.default/bitrix/catalog.section/.default/images/no_photo.png
akkumulyatory_i_batarei,Аккумуляторы Kodak HR6-2BL 2600mAh AA (блистер 2 шт),870 сом,https://www.planeta.kg/local/templates/planet/components/bitrix/catalog/.default/bitrix/catalog.section/.default/images/no_photo.png
akkumulyatory_i_batarei,"Внешний аккумулятор HARPER PBS-8801 Beige (8800 мАч,кабель USB A/M к iPhone5, iPhone 4, Mini и Micro USB)",765 сом 1 530 сом,https://www.planeta.kg/local/templates/planet/components/bitrix/catalog/.default/bitrix/catalog.section/.default/images/no_photo.png
akkumulyatory_i_batarei,Батарейки Pleomax A27-5BL,480 сом,https://www.planeta.kg/local/templates/planet/components/bitrix/catalog/.default/bitrix/catalog.section/.default/images/no_photo.png
akkumulyatory_i_batarei,"Фонарь ЭРА SDA10M, 3хLED,аккумуляторный",390 сом,https://www.planeta.kg/local/templates/planet/components/bitrix/catalog/.default/bitrix/catalog.section/.default/images/no_photo.png
nositeli_fd_cd_dvd_plenka,DVD+R Imation 4.7Gb,130 сом,https://www.planeta.kg/local/templates/planet/components/bitrix/catalog/.default/bitrix/catalog.section/.default/images/no_photo.png
nositeli_fd_cd_dvd_plenka,CD and DVD Lens Cleaner Intex,190 сом,https://www.planeta.kg/upload/iblock/f34/f34f221a4ceb8c987cf8dfa928115fb0.jpeg
karty_pamyati,Карта памяти SD Card 8GB Sony SF8UY,690 сом,https://www.planeta.kg/local/templates/planet/components/bitrix/catalog/.default/bitrix/catalog.section/.default/images/no_photo.png
karty_pamyati,Карта памяти Secure Digital Card 64GB Sony SDXC UHS-I (U1) SF64UYT (Class 10),2 990 сом,https://www.planeta.kg/local/templates/planet/components/bitrix/catalog/.default/bitrix/catalog.section/.default/images/no_photo.png
karty_pamyati,Карта памяти Secure Digital Card 64GB ADATA Premier SDXC UHS-I (Class 10),1 950 сом,https://www.planeta.kg/local/templates/planet/components/bitrix/catalog/.default/bitrix/catalog.section/.default/images/no_photo.png
karty_pamyati,Карта памяти Secure Digital Card 64GB ADATA Premier Pro SDXC XPG UHS-I U3 (Class 10),7 530 сом,https://www.planeta.kg/local/templates/planet/components/bitrix/catalog/.default/bitrix/catalog.section/.default/images/no_photo.png
karty_pamyati,Карта памяти Secure Digital Card 64GB ADATA Premier Pro SDXC UHS-I U1 (Class 10),3 320 сом,https://www.planeta.kg/local/templates/planet/components/bitrix/catalog/.default/bitrix/catalog.section/.default/images/no_photo.png
karty_pamyati,Карта памяти SD Card 32GB Sony SF32UY,1 690 сом,https://www.planeta.kg/local/templates/planet/components/bitrix/catalog/.default/bitrix/catalog.section/.default/images/no_photo.png
karty_pamyati,Карта памяти MicroSD Card 128GB ADATA Premier SDHC UHS-I (Class 10),4 440 сом,https://www.planeta.kg/local/templates/planet/components/bitrix/catalog/.default/bitrix/catalog.section/.default/images/no_photo.png
flesh_nakopiteli_usb,"Флеш-накопитель USB 3.0 16GB ADATA S107 (Blue, WaterProof, Anti-Shock, Rubber)",700 сом,https://www.planeta.kg/local/templates/planet/components/bitrix/catalog/.default/bitrix/catalog.section/.default/images/no_photo.png
flesh_nakopiteli_usb,"Флеш-накопитель USB 2.0 64GB ADATA C008 (Black-Red, Plastic)",1 690 сом,https://www.planeta.kg/local/templates/planet/components/bitrix/catalog/.default/bitrix/catalog.section/.default/images/no_photo.png
flesh_nakopiteli_usb,"Флеш-накопитель USB 2.0 16GB ADATA UD310 (Black, Plastic)",410 сом,https://www.planeta.kg/local/templates/planet/components/bitrix/catalog/.default/bitrix/catalog.section/.default/images/no_photo.png
flesh_nakopiteli_usb,"Флеш-накопитель USB 3.1/USB Type-C 32GB Sony USM32CA2 (Gray, Metal)",2 190 сом,https://www.planeta.kg/upload/iblock/317/317d6816ec92333052314b39abf3cadb.jpeg
flesh_nakopiteli_usb,"Флеш-накопитель USB 3.0 64GB ADATA UV150 (Red, Plastic)",2 010 сом,https://www.planeta.kg/local/templates/planet/components/bitrix/catalog/.default/bitrix/catalog.section/.default/images/no_photo.png
flesh_nakopiteli_usb,"Флеш-накопитель USB 3.0 64GB ADATA UV150 (Black, Plastic)",2 010 сом,https://www.planeta.kg/local/templates/planet/components/bitrix/catalog/.default/bitrix/catalog.section/.default/images/no_photo.png
flesh_nakopiteli_usb,"Флеш-накопитель USB 3.0 64GB ADATA UV140 (Black-Red, Plastic)",1 870 сом,https://www.planeta.kg/local/templates/planet/components/bitrix/catalog/.default/bitrix/catalog.section/.default/images/no_photo.png
flesh_nakopiteli_usb,"Флеш-накопитель USB 3.0 64GB ADATA UV128 (Black-Yellow, Plastic)",2 010 сом,https://www.planeta.kg/local/templates/planet/components/bitrix/catalog/.default/bitrix/catalog.section/.default/images/no_photo.png
flesh_nakopiteli_usb,"Флеш-накопитель USB 3.0 64GB ADATA UV128 (Black-Blue, Plastic)",2 010 сом,https://www.planeta.kg/local/templates/planet/components/bitrix/catalog/.default/bitrix/catalog.section/.default/images/no_photo.png
flesh_nakopiteli_usb,"Флеш-накопитель USB 3.0 128GB ADATA S107 (Red, WaterProof, Anti-Shock, Rubber)",4 810 сом,https://www.planeta.kg/local/templates/planet/components/bitrix/catalog/.default/bitrix/catalog.section/.default/images/no_photo.png
igrovye_ustroystva,Педали Saitek Pro Flight Rudder Pedals,12 420 сом,https://www.planeta.kg/upload/iblock/bca/bca1d093478214f32016abba7948e0ef.jpeg
myshi,Мышь Logitech G300s Gaming Mouse Black (910-004345),2 690 сом,https://www.planeta.kg/local/templates/planet/components/bitrix/catalog/.default/bitrix/catalog.section/.default/images/no_photo.png
myshi,Мышь Logitech G302 Daedalus Prime Black (910-004207),4 490 сом,https://www.planeta.kg/local/templates/planet/components/bitrix/catalog/.default/bitrix/catalog.section/.default/images/no_photo.png
myshi,Мышь Logitech MX610 Left-Hand Laser Cordless (931571-0914) PS/2+USB,4 330 сом,https://www.planeta.kg/upload/iblock/cf9/cf9028075a2ad899accd8ece7756a2b9.jpeg
myshi,Мышь Gigabyte FORCE M9 ICE Black Wireless,3 020 сом,https://www.planeta.kg/upload/iblock/36c/36c88f3937db1bfde137588ead5c5e8a.jpeg
myshi,Мышь Logitech Performance Mouse MX (910-001120),6 820 сом,https://www.planeta.kg/upload/iblock/586/5861c950b82861cc4dd45f3a477ad5c5.jpeg
myshi,Мышь Gigabyte M-KRYPTON USB,5 290 сом,https://www.planeta.kg/upload/iblock/07c/07c4cc7ea2d22c42ac1b84ffee7947ad.jpeg
klaviatury,Клавиатура Gigabyte GK-KB Force K3 (Multimedia),2 260 сом,https://www.planeta.kg/upload/iblock/f7f/f7f5cf6ee03d5462a44e0b2bd3dce1f3.jpeg
klaviatury,Клавиатура+Мышь Gigabyte GK-KM6150 (Multimedia),1 610 сом,https://www.planeta.kg/upload/iblock/4f6/4f64b461d86df1d4c205097c4736b1c1.jpeg
klaviatury,Клавиатура+Мышь Gigabyte GK-KM5200 (USB),1 430 сом,https://www.planeta.kg/upload/iblock/0a4/0a4979e6655cc998c913a4f8605888b1.jpeg
klaviatury,Клавиатура Samurai CG-2027M Black USB+PS/2,410 сом 820 сом,https://www.planeta.kg/local/templates/planet/components/bitrix/catalog/.default/bitrix/catalog.section/.default/images/no_photo.png
klaviatury,Клавиатура+Мышь Gigabyte GK-KM5300 (USB),1 520 сом,https://www.planeta.kg/upload/iblock/6c7/6c7a68d95824dba16a26b0cd34028673.jpeg
klaviatury,Клавиатура+Мышь Gigabyte GK-KM3100 USB,1 480 сом,https://www.planeta.kg/upload/iblock/ea2/ea2548ca64415149c99f6b57ae6541e5.jpeg
klaviatury,Клавиатура Samurai CG-2026M Silver\Black USB,365 сом 730 сом,https://www.planeta.kg/upload/iblock/5cc/5cc25dcc39eb5219049c03b21cafe9e0.jpeg
klaviatury,Клавиатура Logitech Gaming Keyboard G510s (920-004975),9 620 сом,https://www.planeta.kg/upload/iblock/962/96214c17e82bff3cd09f9a28b5e0ac3f.jpeg
kartridzhi,Контейнер Epson C13T66414A Black 70ml (L100/110/200/210/300/355),490 сом,https://www.planeta.kg/local/templates/planet/components/bitrix/catalog/.default/bitrix/catalog.section/.default/images/no_photo.png
kartridzhi,Картридж Epson C13T606900 Light Light Black (220 ml) (Stylus Pro 4880),9 490 сом,https://www.planeta.kg/local/templates/planet/components/bitrix/catalog/.default/bitrix/catalog.section/.default/images/no_photo.png
kartridzhi,Картридж Epson C13T606500 Light Cyan (220 ml) (Stylus Pro 4880),9 490 сом,https://www.planeta.kg/local/templates/planet/components/bitrix/catalog/.default/bitrix/catalog.section/.default/images/no_photo.png
kartridzhi,Картридж Epson C13T606400 Yellow (220 ml) (Stylus Pro 4880),9 490 сом,https://www.planeta.kg/local/templates/planet/components/bitrix/catalog/.default/bitrix/catalog.section/.default/images/no_photo.png
kartridzhi,Картридж Epson C13T606300 Vivd Magenta (220 ml) (Stylus Pro 4880),9 490 сом,https://www.planeta.kg/local/templates/planet/components/bitrix/catalog/.default/bitrix/catalog.section/.default/images/no_photo.png
kartridzhi,Картридж Epson C13T00S14A 103 Black EcoTank (L3100/L3101/L3110/L3150),440 сом,https://www.planeta.kg/local/templates/planet/components/bitrix/catalog/.default/bitrix/catalog.section/.default/images/no_photo.png
kartridzhi,Картридж Epson C13S015637BA (LX-300/LX-350),440 сом,https://www.planeta.kg/local/templates/planet/components/bitrix/catalog/.default/bitrix/catalog.section/.default/images/no_photo.png
kartridzhi,Картридж Canon PG-441 EMB 5221B001 цветной,2 390 сом,https://www.planeta.kg/local/templates/planet/components/bitrix/catalog/.default/bitrix/catalog.section/.default/images/no_photo.png
kartridzhi,Картридж Canon PG-440 EMB 5219B001 black,1 990 сом,https://www.planeta.kg/local/templates/planet/components/bitrix/catalog/.default/bitrix/catalog.section/.default/images/no_photo.png
kartridzhi,Картридж Epson C13T70144010 Yellow Extra High Capacity XXL 3400p (WP4000/WP4500),4 500 сом,https://www.planeta.kg/local/templates/planet/components/bitrix/catalog/.default/bitrix/catalog.section/.default/images/no_photo.png
dopolnitelnoe_oborudovanie,Модуль беспроводной сети Epson (ELPAP07),14 490 сом,https://www.planeta.kg/local/templates/planet/components/bitrix/catalog/.default/bitrix/catalog.section/.default/images/no_photo.png
bumaga,"Фотобумага самоклеящаяся матовая Epson C13S041106 (A4, Matte, 167 g/m2, 10 sheets)",1 240 сом,https://www.planeta.kg/upload/iblock/6fa/6fad93a1085b29e7269b36e5b3a2b1c9.jpeg
bumaga,"Фотобумага Epson Ultra Glossy Photo Paper C13S041943 (A6, 300 g/m2, 50 sheets)",1 240 сом,https://www.planeta.kg/upload/iblock/96a/96a3be1306209f832d104d7f5f973826.jpeg
bumaga,"Фотобумага Epson Premium Semigloss Photo Paper C13S041765 (A6, 260 g/m2, 50 sheets)",940 сом,https://www.planeta.kg/upload/iblock/b40/b4042553f5cf514a9979e5dfc4fd8663.jpeg
bumaga,"Фотобумага Epson Premium Semigloss (250) 16"" C13S041743",4 990 сом,https://www.planeta.kg/local/templates/planet/components/bitrix/catalog/.default/bitrix/catalog.section/.default/images/no_photo.png
bumaga,"Фотобумага Epson Premium Glossy Photo Paper C13S041729 (A6, 255 g/m2, 50 sheets)",940 сом,https://www.planeta.kg/upload/iblock/cfa/cfa010e33317bed765fa468afb53eebe.jpeg
bumaga,"Фотобумага Epson C13S042201 (A6 (10x15), Glossy, 225 g/m2, 500 sheets)",3 490 сом,https://www.planeta.kg/local/templates/planet/components/bitrix/catalog/.default/bitrix/catalog.section/.default/images/no_photo.png
bumaga,"Фотобумага Epson C13S042157 (A6 (10x15), Glossy, 190 g/m2, 70 sheets)",490 сом,https://www.planeta.kg/local/templates/planet/components/bitrix/catalog/.default/bitrix/catalog.section/.default/images/no_photo.png
bumaga,"Фотобумага Epson C13S041944 (B6 (13x18), Ultra Glossy, 300 g/m2, 50 sheets)",1 590 сом,https://www.planeta.kg/upload/iblock/8e4/8e49f74a5d0d853aae478b8d4d73108a.jpeg
bumaga,"Фотобумага Epson C13S041875 (B6 (13x18), Premium Glossy, 255 g/m2, 50 sheets)",1 290 сом,https://www.planeta.kg/upload/iblock/70d/70d365c09b004f14be2ff224225254a6.jpeg
bumaga,"Фотобумага Epson C13S041826 (A6 (10x15), Premium Glossy, 255 g/m2, 500 sheets)",4 990 сом,https://www.planeta.kg/upload/iblock/8c9/8c9bcd32d87d773e5e49332535968177.jpeg
lampy_dlya_proektorov,Лампа для проекторов Epson L88 (V13H010L88),9 990 сом,https://www.planeta.kg/local/templates/planet/components/bitrix/catalog/.default/bitrix/catalog.section/.default/images/no_photo.png
lampy_dlya_proektorov,Лампа для проекторов Epson L74 (V13H010L74),32 610 сом,https://www.planeta.kg/local/templates/planet/components/bitrix/catalog/.default/bitrix/catalog.section/.default/images/no_photo.png
lampy_dlya_proektorov,"Лампа для проекторов Epson L67 (V13H010L67) (EB-S02, EB-X02, EB-W02, EB-X11, EB-W11, EB-S12, EB-X12, EB-W12, EB-X14G)",32 990 сом,https://www.planeta.kg/local/templates/planet/components/bitrix/catalog/.default/bitrix/catalog.section/.default/images/no_photo.png
lampy_dlya_proektorov,"Лампа для проекторов Epson L65 (V13H010L65) (EB-1750, EB-1760W, EB-1770W, EB-1775W)",11 990 сом,https://www.planeta.kg/local/templates/planet/components/bitrix/catalog/.default/bitrix/catalog.section/.default/images/no_photo.png
lampy_dlya_proektorov,"Лампа для проекторов Epson L54 (V13H010L54) (EB-S7, S72, X7, X72, W7, S8, S82, X8, X8E, W8/ EH-TW450)",24 990 сом,https://www.planeta.kg/local/templates/planet/components/bitrix/catalog/.default/bitrix/catalog.section/.default/images/no_photo.png
lampy_dlya_proektorov,"Лампа для проекторов Epson L49 (V13H010L49) (EH-TW3200, TW3600, TW4400, TW5000, TW5500)",32 990 сом,https://www.planeta.kg/local/templates/planet/components/bitrix/catalog/.default/bitrix/catalog.section/.default/images/no_photo.png
lampy_dlya_proektorov,"Лампа для проекторов Epson L41 (V13H010L41) (EMP-S5, EMP-X5, EMP-260, EB-S6, EB-S62, EB-X6, EB-X62, EB-X6e, EB-W6, EH-TW420)",18 990 сом,https://www.planeta.kg/local/templates/planet/components/bitrix/catalog/.default/bitrix/catalog.section/.default/images/no_photo.png
lampy_dlya_proektorov,Лампа для проекторов Epson L36 (V13H010L36) (S4/S42),19 990 сом,https://www.planeta.kg/local/templates/planet/components/bitrix/catalog/.default/bitrix/catalog.section/.default/images/no_photo.png
lampy_dlya_proektorov,Лампа для проекторов Epson L78 (V13H010L78),12 990 сом,https://www.planeta.kg/local/templates/planet/components/bitrix/catalog/.default/bitrix/catalog.section/.default/images/no_photo.png
kosmetika_i_sredstva_gigieny,Влажные салфетки Bonne Brice Ромашка ,30 сом,https://www.planeta.kg/local/templates/planet/components/bitrix/catalog/.default/bitrix/catalog.section/.default/images/no_photo.png
kosmetika_i_sredstva_gigieny,Влажные салфетки Bonne Brice Зеленый чай,30 сом,https://www.planeta.kg/local/templates/planet/components/bitrix/catalog/.default/bitrix/catalog.section/.default/images/no_photo.png
kosmetika_i_sredstva_gigieny,Влажные салфетки Bonne Brice Алоэ Вера ,30 сом,https://www.planeta.kg/local/templates/planet/components/bitrix/catalog/.default/bitrix/catalog.section/.default/images/no_photo.png
britvy_i_epilyatory,Бритва Vitek VT-8266 BK,1 890 сом,https://www.planeta.kg/upload/iblock/67e/67e2c55300bd5ad6d9be97723cf4a6bf.jpeg
britvy_i_epilyatory,Бритва Vitek VT-8262,2 790 сом,https://www.planeta.kg/local/templates/planet/components/bitrix/catalog/.default/bitrix/catalog.section/.default/images/no_photo.png
britvy_i_epilyatory,Эпилятор Rowenta EP7530D0 Soft Extreme технология «Activ-Stim» (1400 импульсов за секунду)  СДЕЛАНО ВО ФРАНЦИИ,6 340 сом,https://www.planeta.kg/upload/iblock/9a9/9a9d2ac750a10c752f4e9a595bd8477e.jpeg
britvy_i_epilyatory,Бритва Philips S5587/30,12 290 сом,https://www.planeta.kg/local/templates/planet/components/bitrix/catalog/.default/bitrix/catalog.section/.default/images/no_photo.png
britvy_i_epilyatory,Бритва Philips S 3333/54,9 990 сом,https://www.planeta.kg/local/templates/planet/components/bitrix/catalog/.default/bitrix/catalog.section/.default/images/no_photo.png
britvy_i_epilyatory,Бритва Philips S 1333/41,6 190 сом,https://www.planeta.kg/local/templates/planet/components/bitrix/catalog/.default/bitrix/catalog.section/.default/images/no_photo.png
britvy_i_epilyatory,Бритва Philips S5584/50,15 690 сом,https://www.planeta.kg/local/templates/planet/components/bitrix/catalog/.default/bitrix/catalog.section/.default/images/no_photo.png
britvy_i_epilyatory,Бритва Philips S1133/41,3 690 сом,https://www.planeta.kg/local/templates/planet/components/bitrix/catalog/.default/bitrix/catalog.section/.default/images/no_photo.png
britvy_i_epilyatory,Эпилятор Philips BRE 740/10,14 490 сом,https://www.planeta.kg/upload/iblock/aa2/aa2b78a35c13720f7f6b9c575176f875.jpeg
britvy_i_epilyatory,Эпилятор Philips BRE 721/00,9 490 сом,https://www.planeta.kg/local/templates/planet/components/bitrix/catalog/.default/bitrix/catalog.section/.default/images/no_photo.png
vesy,Весы Vitek VT-8084 (напольные),1 490 сом,https://www.planeta.kg/upload/iblock/76a/76ac478b05fe8a85db6a94f61c549355.jpeg
vesy,Весы Vitek VT-8069,1 490 сом,https://www.planeta.kg/upload/iblock/fd8/fd80ed6cbfe16414ac9877ba2ab80930.jpeg
vesy,Весы Vitek VT-8053,1 190 сом,https://www.planeta.kg/local/templates/planet/components/bitrix/catalog/.default/bitrix/catalog.section/.default/images/no_photo.png
vesy,Весы Vitek VT-1989R,2 120 сом,https://www.planeta.kg/upload/iblock/aca/aca10498d444fb5d7f71cfd7be2e4280.jpeg
vesy,Весы Endever Skyline KS-523 (кухонные),1 390 сом,https://www.planeta.kg/upload/iblock/6f6/6f6168589c445e15584a262ebfdd8e7c.jpeg
zubnye_shchetki_i_aksessuary,Ирригатор Стационарный Ardesto OI-MD600W 600 мл 8 насадок,3 990 сом,https://www.planeta.kg/local/templates/planet/components/bitrix/catalog/.default/bitrix/catalog.section/.default/images/no_photo.png
zubnye_shchetki_i_aksessuary,Чистящая головка для осветления зубной эмали Philips HX 6064/11,2 690 сом,https://www.planeta.kg/local/templates/planet/components/bitrix/catalog/.default/bitrix/catalog.section/.default/images/no_photo.png
zubnye_shchetki_i_aksessuary,Сменная детская насадка Philips HX 6042/33,1 300 сом,https://www.planeta.kg/upload/iblock/810/810b7a064ea7aa86b3d4ecade4b9bb79.png
zubnye_shchetki_i_aksessuary,Чистящая головка для щетки Philips HX 6062/10,1 890 сом,https://www.planeta.kg/local/templates/planet/components/bitrix/catalog/.default/bitrix/catalog.section/.default/images/no_photo.png
mashinki_dlya_strizhki_volos,Набор для стрижки волос VITEK VT-2511 BK,1 290 сом,https://www.planeta.kg/upload/iblock/cb7/cb7f7f80f5354164679d89096967b718.jpeg
mashinki_dlya_strizhki_volos,Машинка для стрижки волос Maxwell MW-2112 BK,990 сом,https://www.planeta.kg/upload/iblock/6c8/6c8f6b20190e80f9aadc82f7ee35839f.jpeg
mashinki_dlya_strizhki_volos,Триммер Philips MG3720/15,3 490 сом,https://www.planeta.kg/local/templates/planet/components/bitrix/catalog/.default/bitrix/catalog.section/.default/images/no_photo.png
mashinki_dlya_strizhki_volos,Триммер Philips MG3710/15,2 990 сом,https://www.planeta.kg/local/templates/planet/components/bitrix/catalog/.default/bitrix/catalog.section/.default/images/no_photo.png
mashinki_dlya_strizhki_volos,Машинка для стрижки волос Philips HC5612/15,4 090 сом,https://www.planeta.kg/local/templates/planet/components/bitrix/catalog/.default/bitrix/catalog.section/.default/images/no_photo.png
mashinki_dlya_strizhki_volos,Машинка для стрижки волос Philips HC1091/15,4 290 сом,https://www.planeta.kg/local/templates/planet/components/bitrix/catalog/.default/bitrix/catalog.section/.default/images/no_photo.png
mashinki_dlya_strizhki_volos,Триммер Vitek VT-2545BK,1 590 сом,https://www.planeta.kg/upload/iblock/2af/2af98e6a8b1446d3200763d6bb9a1986.jpeg
mashinki_dlya_strizhki_volos,Машинка для стрижки волос Rowenta TN1400F0,2 990 сом,https://www.planeta.kg/local/templates/planet/components/bitrix/catalog/.default/bitrix/catalog.section/.default/images/no_photo.png
mashinki_dlya_strizhki_volos,Набор для стрижки волос Vitek VT-2520 BK,1 290 сом,https://www.planeta.kg/upload/iblock/82f/82fac68f721e06c7fe1b8926a1ea3cde.jpeg
mashinki_dlya_strizhki_volos,Машинка для стрижки волос Philips QC5115/15,2 590 сом,https://www.planeta.kg/local/templates/planet/components/bitrix/catalog/.default/bitrix/catalog.section/.default/images/no_photo.png
nabory_dlya_ukladki_volos,Стайлер PHILIPS BHH811/00,3 890 сом,https://www.planeta.kg/upload/iblock/2bd/2bd9a3548a1066f0b8f255e807062a74.png
nabory_dlya_ukladki_volos,Набор для укладки волос Vitek WX-2301 ST,2 250 сом,https://www.planeta.kg/upload/iblock/88b/88b13636cf9c38e609304bb8d6cbaa6b.jpeg
nabory_dlya_ukladki_volos,Набор для укладки волос Philips HP8618/00,3 990 сом,https://www.planeta.kg/upload/iblock/efa/efad265b4c24c757eb97ff3e6681b673.jpeg
nabory_dlya_ukladki_volos,Мультистайлер Rowenta CF4132D0,4 990 сом,https://www.planeta.kg/local/templates/planet/components/bitrix/catalog/.default/bitrix/catalog.section/.default/images/no_photo.png
nabory_dlya_ukladki_volos,Выпрямитель для волос Rowenta SF4210F0,3 690 сом,https://www.planeta.kg/local/templates/planet/components/bitrix/catalog/.default/bitrix/catalog.section/.default/images/no_photo.png
nabory_dlya_ukladki_volos,Выпрямитель для волос Rowenta SF4112F0,4 190 сом,https://www.planeta.kg/local/templates/planet/components/bitrix/catalog/.default/bitrix/catalog.section/.default/images/no_photo.png
nabory_dlya_ukladki_volos,Стайлер для бороды PHILIPS MG1100/16,2 390 сом,https://www.planeta.kg/local/templates/planet/components/bitrix/catalog/.default/bitrix/catalog.section/.default/images/no_photo.png
nabory_dlya_ukladki_volos,Мультистайлер Rowenta CF4112F0,3 490 сом,https://www.planeta.kg/local/templates/planet/components/bitrix/catalog/.default/bitrix/catalog.section/.default/images/no_photo.png
feny,Фен - щетка Rowenta CF3910F0,2 090 сом,https://www.planeta.kg/upload/iblock/cb1/cb1429ea9b27612fa38d111c715605e4.jpeg
feny,Фен Polaris PHD 2289AC,3 490 сом,https://www.planeta.kg/local/templates/planet/components/bitrix/catalog/.default/bitrix/catalog.section/.default/images/no_photo.png
feny,Фен Polaris PHD 2038Ti,2 190 сом,https://www.planeta.kg/local/templates/planet/components/bitrix/catalog/.default/bitrix/catalog.section/.default/images/no_photo.png
feny,Фен - щетка Philips HP8663/00,4 290 сом,https://www.planeta.kg/local/templates/planet/components/bitrix/catalog/.default/bitrix/catalog.section/.default/images/no_photo.png
feny,Фен Philips BHD360/20,3 590 сом,https://www.planeta.kg/local/templates/planet/components/bitrix/catalog/.default/bitrix/catalog.section/.default/images/no_photo.png
feny,Фен Philips BHD300/10,2 090 сом,https://www.planeta.kg/local/templates/planet/components/bitrix/catalog/.default/bitrix/catalog.section/.default/images/no_photo.png
feny,Фен - щетка Philips HP8667/00,3 690 сом,https://www.planeta.kg/local/templates/planet/components/bitrix/catalog/.default/bitrix/catalog.section/.default/images/no_photo.png
feny,Фен Rowenta CV3312F0,2 090 сом,https://www.planeta.kg/upload/iblock/012/012b6292a064b788d03feb2ca981870e.jpeg
feny,Фен-щетка Vitek VT-8238 VT,2 190 сом,https://www.planeta.kg/upload/iblock/544/5447b612eae3ed849d1305e4eab7ed4c.jpeg
feny,Фен Vitek VT-8203,1 790 сом,https://www.planeta.kg/upload/iblock/db8/db831084be719de99a8738ac6f3c0c22.jpeg
shchiptsy,Выпрямитель для волос Philips HP8321/00,2 590 сом,https://www.planeta.kg/upload/iblock/a4b/a4bb393d0df8952f2bcb5fd0351d5626.jpeg
shchiptsy,Мультистайлер Philips BHH822/00,4 590 сом,https://www.planeta.kg/upload/iblock/34d/34d0784a5d4ea31ccac5b8f1b87333c9.png
shchiptsy,Выпрямитель для волос Vitek VT-8403 BK,1 490 сом,https://www.planeta.kg/upload/iblock/a54/a54a20b1f7e9e293ceefb1f3f85e0d81.jpeg
shchiptsy,Электрощипцы Vitek VT-8420 BK,1 990 сом,https://www.planeta.kg/upload/iblock/354/354bed0faa9e3029925c176fcfa3e822.jpeg
shchiptsy,Щипцы Rowenta CF3315F0,3 690 сом,https://www.planeta.kg/local/templates/planet/components/bitrix/catalog/.default/bitrix/catalog.section/.default/images/no_photo.png
shchiptsy,Щипцы Rowenta CF3242F0,3 290 сом,https://www.planeta.kg/local/templates/planet/components/bitrix/catalog/.default/bitrix/catalog.section/.default/images/no_photo.png
shchiptsy,Щипцы Philips BHB871/00,4 690 сом,https://www.planeta.kg/upload/iblock/e59/e5956b2e23ee4cf6ee811cf3d103baa7.png
shchiptsy,Щипцы Philips BHB868/00,3 990 сом,https://www.planeta.kg/upload/iblock/950/950c6bf78233b7c4ddedf590928b2e22.png
shchiptsy,Выпрямитель для волос Philips BHS675/00,5 790 сом,https://www.planeta.kg/upload/iblock/0eb/0eb00cc8b744a499efa46e2058999c74.png
shchiptsy,Выпрямитель для волос Philips BHS674/00,4 790 сом,https://www.planeta.kg/upload/iblock/c39/c39379cc4d219b580d0de346e2539da1.jpeg
aksessuary_6,Сушилка для обуви «Аксион» ЭСО-220/7-02 для просушивания обуви подростковых и взрослых размеров. В блистерной упаковке. 2 года гарантии,340 сом,https://www.planeta.kg/local/templates/planet/components/bitrix/catalog/.default/bitrix/catalog.section/.default/images/no_photo.png
